State,City
Andaman and Nicobar Islands,Nicobars
Andaman and Nicobar Islands,North And Middle Andaman
Andaman and Nicobar Islands,South Andamans
Andaman and Nicobar Islands,Port Blair
Andhra Pradesh,Amaravati
Andhra Pradesh,Alluri Sitharama Raju
Andhra Pradesh,Anakapalli
Andhra Pradesh,Ananthapuramu
Andhra Pradesh,Annamayya
Andhra Pradesh,Bapatla
Andhra Pradesh,Chittoor
Andhra Pradesh,Dr. B.R. Ambedkar Konaseema
Andhra Pradesh,East Godavari
Andhra Pradesh,Eluru
Andhra Pradesh,Guntur
Andhra Pradesh,Kakinada
Andhra Pradesh,Krishna
Andhra Pradesh,Kurnool
Andhra Pradesh,Nandyal
Andhra Pradesh,Ntr
Andhra Pradesh,Palnadu
Andhra Pradesh,Parvathipuram Manyam
Andhra Pradesh,Prakasam
Andhra Pradesh,Sri Potti Sriramulu Nellore
Andhra Pradesh,Sri Sathya Sai
Andhra Pradesh,Srikakulam
Andhra Pradesh,Tirupati
Andhra Pradesh,Visakhapatnam
Andhra Pradesh,Vizianagaram
Andhra Pradesh,West Godavari
Arunachal Pradesh,Itanagar
Arunachal Pradesh,Anjaw
Arunachal Pradesh,Bichom
Arunachal Pradesh,Changlang
Arunachal Pradesh,Dibang Valley
Arunachal Pradesh,East Kameng
Arunachal Pradesh,East Siang
Arunachal Pradesh,Kamle
Arunachal Pradesh,Keyi Panyor
Arunachal Pradesh,Kra Daadi
Arunachal Pradesh,Kurung Kumey
Arunachal Pradesh,Leparada
Arunachal Pradesh,Lohit
Arunachal Pradesh,Longding
Arunachal Pradesh,Lower Dibang Valley
Arunachal Pradesh,Lower Siang
Arunachal Pradesh,Lower Subansiri
Arunachal Pradesh,Namsai
Arunachal Pradesh,Pakke Kessang
Arunachal Pradesh,Papum Pare
Arunachal Pradesh,Shi Yomi
Arunachal Pradesh,Siang
Arunachal Pradesh,Tawang
Arunachal Pradesh,Tirap
Arunachal Pradesh,Upper Siang
Arunachal Pradesh,Upper Subansiri
Assam,Bajali
Assam,Baksa
Assam,Barpeta
Assam,Biswanath
Assam,Bongaigaon
Assam,Cachar
Assam,Charaideo
Assam,Chirang
Assam,Darrang
Assam,Dhemaji
Assam,Dhubri
Assam,Dibrugarh
Assam,Dima Hasao
Assam,Dispur
Assam,Goalpara
Assam,Golaghat
Assam,Hailakandi
Assam,Hojai
Assam,Jorhat
Assam,Kamrup
Assam,Kamrup Metro
Assam,Karbi Anglong
Assam,Kokrajhar
Assam,Lakhimpur
Assam,Majuli
Assam,Marigaon
Assam,Nagaon
Assam,Sivasagar
Assam,Sonitpur
Assam,Tinsukia
Assam,Tirap
Assam,Ziro
Bihar,Araria
Bihar,Arwal
Bihar,Aurangabad
Bihar,Banka
Bihar,Begusarai
Bihar,Bhagalpur
Bihar,Bhojpur
Bihar,Buxar
Bihar,Darbhanga
Bihar,Gaya
Bihar,Gopalganj
Bihar,Jamui
Bihar,Jehanabad
Bihar,Kaimur (Bhabua)
Bihar,Katihar
Bihar,Khagaria
Bihar,Kishanganj
Bihar,Lakhisarai
Bihar,Madhepura
Bihar,Madhubani
Bihar,Munger
Bihar,Muzaffarpur
Bihar,Nalanda
Bihar,Nawada
Bihar,Pashchim Champaran
Bihar,Patna
Bihar,Saharsa
Bihar,Samastipur
Bihar,Sheohar
Chandigarh,Chandigarh
Chhattisgarh,Balod
Chhattisgarh,Balodabazar-Bhatapara
Chhattisgarh,Balrampur-Ramanujganj
Chhattisgarh,Bastar
Chhattisgarh,Bemetara
Chhattisgarh,Bijapur
Chhattisgarh,Bilaspur
Chhattisgarh,Dakshin Bastar Dantewada
Chhattisgarh,Dhamtari
Chhattisgarh,Durg
Chhattisgarh,Gariyaband
Chhattisgarh,Gaurela-Pendra-Marwahi
Chhattisgarh,Janjgir-Champa
Chhattisgarh,Jashpur
Chhattisgarh,Kabeerdham
Chhattisgarh,Khairagarh-Chhuikhadan-Gandai
Chhattisgarh,Kondagaon
Chhattisgarh,Korba
Chhattisgarh,Korea
Chhattisgarh,Mahasamund
Chhattisgarh,Manendragarh-Chirmiri-Bharatpur(M C B)
Chhattisgarh,Mohla-Manpur-Ambagarh Chouki
Chhattisgarh,Mungeli
Chhattisgarh,Narayanpur
Chhattisgarh,Raigarh
Chhattisgarh,Raipur
Chhattisgarh,Rajnandgaon
Dadra and Nagar Haveli and Daman and Diu,Dadra And Nagar Haveli
Dadra and Nagar Haveli and Daman and Diu,Daman
Dadra and Nagar Haveli and Daman and Diu,Diu
Delhi,Central
Delhi,East
Delhi,New Delhi
Delhi,North
Delhi,North East
Delhi,North West
Delhi,Shahdara
Delhi,South
Delhi,South East
Delhi,South West
Delhi,West
Goa,North Goa
Goa,South Goa
Goa,Panaji
Gujarat,Ahmedabad
Gujarat,Amreli
Gujarat,Anand
Gujarat,Arvalli
Gujarat,Banas Kantha
Gujarat,Bharuch
Gujarat,Bhavnagar
Gujarat,Botad
Gujarat,Chhotaudepur
Gujarat,Dahod
Gujarat,Dangs
Gujarat,Devbhumi Dwarka
Gujarat,Gandhinagar
Gujarat,Gir Somnath
Gujarat,Jamnagar
Gujarat,Junagadh
Gujarat,Kachchh
Gujarat,Kheda
Gujarat,Mahesana
Gujarat,Mahisagar
Gujarat,Morbi
Gujarat,Narmada
Gujarat,Navsari
Gujarat,Panch Mahals
Gujarat,Patan
Gujarat,Panchmahal
Haryana,Ambala
Haryana,Bhiwani
Haryana,Charkhi Dadri
Haryana,Faridabad
Haryana,Fatehabad
Haryana,Gurugram
Haryana,Hisar
Haryana,Jhajjar
Haryana,Jind
Haryana,Kaithal
Haryana,Karnal
Haryana,Kurukshetra
Haryana,Mahendragarh
Haryana,Nuh
Haryana,Palwal
Haryana,Panchkula
Haryana,Panipat
Haryana,Rewari
Haryana,Rohtak
Haryana,Sirsa
Haryana,Sonipat
Haryana,Yamunanagar
Himachal Pradesh,Bilaspur
Himachal Pradesh,Chamba
Himachal Pradesh,Hamirpur
Himachal Pradesh,Kangra
Himachal Pradesh,Kinnaur
Himachal Pradesh,Kullu
Himachal Pradesh,Lahaul And Spiti
Himachal Pradesh,Mandi
Himachal Pradesh,Shimla
Himachal Pradesh,Sirmaur
Himachal Pradesh,Solan
Himachal Pradesh,Una
Jammu and Kashmir,Anantnag
Jammu and Kashmir,Bandipora
Jammu and Kashmir,Baramulla
Jammu and Kashmir,Budgam
Jammu and Kashmir,Doda
Jammu and Kashmir,Ganderbal
Jammu and Kashmir,Jammu
Jammu and Kashmir,Kathua
Jammu and Kashmir,Kishtwar
Jammu and Kashmir,Kulgam
Jammu and Kashmir,Kupwara
Jammu and Kashmir,Poonch
Jammu and Kashmir,Pulwama
Jammu and Kashmir,Rajouri
Jammu and Kashmir,Ramban
Jammu and Kashmir,Reasi
Jammu and Kashmir,Samba
Jammu and Kashmir,Shopian
Jammu and Kashmir,Srinagar
Jammu and Kashmir,Udhampur
Jharkhand,Bokaro
Jharkhand,Chatra
Jharkhand,Deoghar
Jharkhand,Dhanbad
Jharkhand,Dumka
Jharkhand,East Singhbum
Jharkhand,Garhwa
Jharkhand,Giridih
Jharkhand,Godda
Jharkhand,Gumla
Jharkhand,Hazaribagh
Jharkhand,Jamtara
Jharkhand,Khunti
Jharkhand,Koderma
Jharkhand,Latehar
Jharkhand,Lohardaga
Jharkhand,Pakur
Jharkhand,Palamu
Jharkhand,Ramgarh
Jharkhand,Ranchi
Jharkhand,Sahebganj
Jharkhand,Saraikela Kharsawan
Jharkhand,Simdega
Jharkhand,West Singhbhum
Karnataka,Bagalkote
Karnataka,Ballari
Karnataka,Belagavi
Karnataka,Bengaluru Rural
Karnataka,Bengaluru South
Karnataka,Bengaluru Urban
Karnataka,Bidar
Karnataka,Chamarajanagar
Karnataka,Chikkaballapura
Karnataka,Chikkamagaluru
Karnataka,Chitradurga
Karnataka,Dakshina Kannada
Karnataka,Davanagere
Karnataka,Dharwad
Karnataka,Gadag
Karnataka,Hassan
Karnataka,Haveri
Karnataka,Kalaburagi
Karnataka,Kodagu
Karnataka,Kolar
Karnataka,Koppal
Karnataka,Mandya
Karnataka,Mysuru
Karnataka,Raichur
Karnataka,Shivamogga
Kerala,Alappuzha
Kerala,Ernakulam
Kerala,Idukki
Kerala,Kannur
Kerala,Kasaragod
Kerala,Kochi
Kerala,Kollam
Kerala,Kottayam
Kerala,Kovalam
Kerala,Kozhikode
Kerala,Malappuram
Kerala,Palakkad
Kerala,Pathanamthitta
Kerala,Thiruvananthapuram
Kerala,Thrissur
Kerala,Wayanad
Ladakh,Kargil
Ladakh,Leh Ladakh
Lakshadweep,Lakshadweep District
Lakshadweep,Kavaratti
Madhya Pradesh,Agar-Malwa
Madhya Pradesh,Alirajpur
Madhya Pradesh,Anuppur
Madhya Pradesh,Ashoknagar
Madhya Pradesh,Balaghat
Madhya Pradesh,Barwani
Madhya Pradesh,Betul
Madhya Pradesh,Bhind
Madhya Pradesh,Bhopal
Madhya Pradesh,Burhanpur
Madhya Pradesh,Chhatarpur
Madhya Pradesh,Chhindwara
Madhya Pradesh,Damoh
Madhya Pradesh,Datia
Madhya Pradesh,Dewas
Madhya Pradesh,Dhar
Madhya Pradesh,Dindori
Madhya Pradesh,Guna
Madhya Pradesh,Gwalior
Madhya Pradesh,Harda
Madhya Pradesh,Indore
Madhya Pradesh,Jabalpur
Madhya Pradesh,Jhabua
Madhya Pradesh,Katni
Madhya Pradesh,Khandwa (East Nimar)
Madhya Pradesh,Morena
Madhya Pradesh,Rewa
Madhya Pradesh,Shivpuri
Madhya Pradesh,Shujalpur
Madhya Pradesh,Tikamgarh
Madhya Pradesh,Ujjain
Madhya Pradesh,Umaria
Madhya Pradesh,Vidisha
Madhya Pradesh,Singrauli
Maharashtra,Ahilyanagar
Maharashtra,Akola
Maharashtra,Amravati
Maharashtra,Beed
Maharashtra,Bhandara
Maharashtra,Buldhana
Maharashtra,Chandrapur
Maharashtra,Chhatrapati Sambhajinagar
Maharashtra,Dharashiv
Maharashtra,Dhule
Maharashtra,Gadchiroli
Maharashtra,Gondia
Maharashtra,Hingoli
Maharashtra,Jalgaon
Maharashtra,Jalna
Maharashtra,Kolhapur
Maharashtra,Latur
Maharashtra,Mumbai
Maharashtra,Mumbai Suburban
Maharashtra,Nagpur
Maharashtra,Nanded
Maharashtra,Nandurbar
Maharashtra,Nashik
Maharashtra,Palghar
Maharashtra,Parbhani
Maharashtra,Pune
Maharashtra,Raigad
Maharashtra,Ratnagiri
Maharashtra,Sangli
Maharashtra,Satara
Maharashtra,Sindhudurg
Maharashtra,Solapur 
Manipur,Bishnupur
Manipur,Chandel
Manipur,Churachandpur
Manipur,Imphal East
Manipur,Imphal West
Manipur,Jiribam
Manipur,Kakching
Manipur,Kamjong
Manipur,Kangpokpi
Manipur,Noney
Manipur,Pherzawl
Manipur,Senapati
Manipur,Tamenglong
Manipur,Tengnoupal
Manipur,Thoubal
Manipur,Ukhrul
Meghalaya,East Garo Hills
Meghalaya,East Jaintia Hills
Meghalaya,East Khasi Hills
Meghalaya,Eastern West Khasi Hills
Meghalaya,North Garo Hills
Meghalaya,Ri Bhoi
Meghalaya,South Garo Hills
Meghalaya,South West Garo Hills
Meghalaya,South West Khasi Hills
Meghalaya,West Garo Hills
Meghalaya,West Jaintia Hills
Meghalaya,West Khasi Hills
Meghalaya,Shillong
Meghalaya,Tura
Mizoram,Aizawl
Mizoram,Champhai
Mizoram,Hnahthial
Mizoram,Khawzawl
Mizoram,Kolasib
Mizoram,Lawngtlai
Mizoram,Lunglei
Mizoram,Mamit
Mizoram,Saitual
Mizoram,Serchhip
Mizoram,Siaha
Mizoram,Tawi
Nagaland,Chumoukedima
Nagaland,Dimapur
Nagaland,Kiphire
Nagaland,Kohima
Nagaland,Longleng
Nagaland,Meluri
Nagaland,Mokokchung
Nagaland,Mon
Nagaland,Niuland
Nagaland,Noklak
Nagaland,Peren
Nagaland,Phek
Nagaland,Shamator
Nagaland,Tseminyu
Nagaland,Tuensang
Nagaland,Wokha
Nagaland,Zunheboto
Odisha,Anugul
Odisha,Balangir
Odisha,Baleshwar
Odisha,Bargarh
Odisha,Bhadrak
Odisha,Bhubaneswar
Odisha,Boudh
Odisha,Cuttack
Odisha,Deogarh
Odisha,Dhenkanal
Odisha,Gajapati
Odisha,Ganjam
Odisha,Jagatsinghapur
Odisha,Jajapur
Odisha,Jharsuguda
Odisha,Kalahandi
Odisha,Kandhamal
Odisha,Kendrapara
Odisha,Kendujhar
Odisha,Khordha
Odisha,Koraput
Odisha,Malkangiri
Odisha,Mayurbhanj
Odisha,Nabarangpur
Odisha,Nayagarh
Odisha,Nuapada
Odisha,Puri
Puducherry,Karaikal
Puducherry,Puducherry
Puducherry,Pondicherry
Punjab,Amritsar
Punjab,Barnala
Punjab,Bathinda
Punjab,Faridkot
Punjab,Fatehgarh Sahib
Punjab,Fazilka
Punjab,Ferozepur
Punjab,Gurdaspur
Punjab,Hoshiarpur
Punjab,Jalandhar
Punjab,Kapurthala
Punjab,Ludhiana
Punjab,Malerkotla
Punjab,Mansa
Punjab,Moga
Punjab,Pathankot
Punjab,Patiala
Punjab,Rupnagar
Punjab,S.A.S Nagar
Punjab,Sangrur
Punjab,Shahid Bhagat Singh Nagar
Punjab,Sri Muktsar Sahib
Punjab,Tarn Taran
Rajasthan,Ajmer
Rajasthan,Alwar
Rajasthan,Balotra
Rajasthan,Banswara
Rajasthan,Baran
Rajasthan,Barmer
Rajasthan,Beawar
Rajasthan,Bharatpur
Rajasthan,Bhilwara
Rajasthan,Bikaner
Rajasthan,Bundi
Rajasthan,Chittorgarh
Rajasthan,Churu
Rajasthan,Dausa
Rajasthan,Deeg
Rajasthan,Dholpur
Rajasthan,Didwana-Kuchaman
Rajasthan,Dungarpur
Rajasthan,Ganganagar
Rajasthan,Hanumangarh
Rajasthan,Jaipur
Rajasthan,Jaisalmer
Rajasthan,Jalore
Rajasthan,Jhalawar
Rajasthan,Jhunjhunu
Rajasthan,Jodhpur
Rajasthan,Karauli
Rajasthan,Kota
Rajasthan,Lakheri
Rajasthan,Lalitpur
Rajasthan,Rajsamand
Rajasthan,Tonk
Rajasthan,Udaipur
Sikkim,Gangtok
Sikkim,Gyalshing
Sikkim,Mangan
Sikkim,Namchi
Sikkim,Pakyong
Sikkim,Soreng
Tamil Nadu,Ariyalur
Tamil Nadu,Chengalpattu
Tamil Nadu,Chennai
Tamil Nadu,Coimbatore
Tamil Nadu,Cuddalore
Tamil Nadu,Dharmapuri
Tamil Nadu,Dindigul
Tamil Nadu,Erode
Tamil Nadu,Kallakurichi
Tamil Nadu,Kancheepuram
Tamil Nadu,Kanniyakumari
Tamil Nadu,Karur
Tamil Nadu,Krishnagiri
Tamil Nadu,Madurai
Tamil Nadu,Mayiladuthurai
Tamil Nadu,Nagapattinam
Tamil Nadu,Namakkal
Tamil Nadu,Perambalur
Tamil Nadu,Pudukkottai
Tamil Nadu,Ramanathapuram
Tamil Nadu,Ranipet
Tamil Nadu,Salem
Tamil Nadu,Sivaganga
Tamil Nadu,Tenkasi
Tamil Nadu,Thanjavur
Telangana,Adilabad
Telangana,Bhadradri Kothagudem
Telangana,Hanumakonda
Telangana,Hyderabad
Telangana,Jagitial
Telangana,Jangoan
Telangana,Jayashankar Bhupalapally
Telangana,Jogulamba Gadwal
Telangana,Kamareddy
Telangana,Karimnagar
Telangana,Khammam
Telangana,Kumuram Bheem Asifabad
Telangana,Mahabubabad
Telangana,Mahabubnagar
Telangana,Mancherial
Telangana,Medak
Telangana,Medchal Malkajgiri
Telangana,Mulugu
Telangana,Nagarkurnool
Telangana,Nalgonda
Telangana,Narayanpet
Telangana,Nirmal
Telangana,Nizamabad
Telangana,Peddapalli
Telangana,Rajanna Sircilla
Telangana,Sangareddy
Telangana,Siddipet
Telangana,Suryapet
Telangana,Vikarabad
Telangana,Wanaparthy
Telangana,Warangal
Telangana,Yadadri Bhuvanagiri
Tripura,Agartala
Tripura,Dhalai
Tripura,Gomati
Tripura,Khowai
Tripura,North Tripura
Tripura,Sepahijala
Tripura,South Tripura
Tripura,Unakoti
Tripura,West Tripura
Uttar Pradesh,Agra
Uttar Pradesh,Aligarh
Uttar Pradesh,Ambedkar Nagar
Uttar Pradesh,Amethi
Uttar Pradesh,Amroha
Uttar Pradesh,Auraiya
Uttar Pradesh,Ayodhya
Uttar Pradesh,Azamgarh
Uttar Pradesh,Baghpat
Uttar Pradesh,Bahraich
Uttar Pradesh,Ballia
Uttar Pradesh,Balrampur
Uttar Pradesh,Banda
Uttar Pradesh,Bara Banki
Uttar Pradesh,Bareilly
Uttar Pradesh,Basti
Uttar Pradesh,Bhadohi
Uttar Pradesh,Bijnor
Uttar Pradesh,Budaun
Uttar Pradesh,Bulandshahr
Uttar Pradesh,Chandauli
Uttar Pradesh,Chitrakoot
Uttar Pradesh,Deoria
Uttar Pradesh,Etah
Uttar Pradesh,Etawah
Uttar Pradesh,Farrukhabad
Uttar Pradesh,Fatehpur
Uttar Pradesh,Firozabad
Uttar Pradesh,Gonda
Uttar Pradesh,Gorakhpur
Uttar Pradesh,Hamirpur
Uttar Pradesh,Hapur
Uttar Pradesh,Hardoi
Uttar Pradesh,Jalaun
Uttar Pradesh,Jaunpur
Uttar Pradesh,Jhansi
Uttar Pradesh,Jyotiba Phule Nagar
Uttar Pradesh,Kanpur Dehat
Uttar Pradesh,Kanpur Nagar
Uttar Pradesh,Kanshiram Nagar
Uttar Pradesh,Kaushambi
Uttar Pradesh,Kushinagar
Uttar Pradesh,Lalitpur
Uttar Pradesh,Lucknow
Uttar Pradesh,Maharajganj
Uttar Pradesh,Mahoba
Uttar Pradesh,Mainpuri
Uttar Pradesh,Mathura
Uttar Pradesh,Mau
Uttar Pradesh,Meerut
Uttar Pradesh,Mirzapur
Uttar Pradesh,Moradabad
Uttar Pradesh,Muzaffarnagar
Uttar Pradesh,Pilibhit
Uttar Pradesh,Pratapgarh
Uttar Pradesh,Rae Bareli
Uttar Pradesh,Rampur
Uttar Pradesh,Saharanpur
Uttar Pradesh,Sant Kabir Nagar
Uttar Pradesh,Shahjahanpur
Uttar Pradesh,Shamli
Uttar Pradesh,Shravasti
Uttar Pradesh,Siddharthnagar
Uttar Pradesh,Sitapur
Uttar Pradesh,Sonbhadra
Uttar Pradesh,Sultanpur
Uttar Pradesh,Unnao
Uttar Pradesh,Varanasi
Uttarakhand,Almora
Uttarakhand,Bageshwar
Uttarakhand,Chamoli
Uttarakhand,Champawat
Uttarakhand,Dehradun
Uttarakhand,Haridwar
Uttarakhand,Nainital
Uttarakhand,Pauri Garhwal
Uttarakhand,Pithoragarh
Uttarakhand,Rudraprayag
Uttarakhand,Tehri Garhwal
Uttarakhand,Udham Singh Nagar
Uttarakhand,Uttarkashi
West Bengal,Alipurduar
West Bengal,Bankura
West Bengal,Birbhum
West Bengal,Cooch Behar
West Bengal,Dakshin Dinajpur
West Bengal,Darjeeling
West Bengal,Hooghly
West Bengal,Howrah
West Bengal,Jalpaiguri
West Bengal,Jhargram
West Bengal,Kalimpong
West Bengal,Kolkata
West Bengal,Malda
West Bengal,Murshidabad
West Bengal,Nadia
West Bengal,North 24 Parganas
West Bengal,Paschim Bardhaman
West Bengal,Paschim Medinipur
West Bengal,Purba Bardhaman
West Bengal,Purba Medinipur
West Bengal,Purulia
West Bengal,South 24 Parganas
West Bengal,Uttar Dinajpur
